{"fmus":{"{Controller}":"file:///C:/work/github/fmi-tutorial/example/example_intocps_app/FMUs/Controller.fmu","{Drive}":"file:///C:/work/github/fmi-tutorial/example/example_intocps_app/FMUs/Drive.fmu","{Stimuli}":"file:///C:/work/github/fmi-tutorial/example/example_intocps_app/FMUs/Stimuli.fmu"},"connections":{"{Controller}.ctrl.V":["{Drive}.drive.V"],"{Drive}.drive.w":["{Controller}.ctrl.w"],"{Stimuli}.stimuli.LoadTorque_Nm":["{Drive}.drive.LoadTorque_Nm"],"{Stimuli}.stimuli.w_desired":["{Controller}.ctrl.w_desired"]},"parameters":{},"logVariables":{},"parallelSimulation":false,"stabalizationEnabled":false,"global_absolute_tolerance":0.0,"global_relative_tolerance":0.01,"loggingOn":false,"visible":false,"simulationProgramDelay":false,"algorithm":{"type":"fixed-step","size":0.01},"overrideLogLevel":null,"environmentParameters":null,"logLevels":null,"livestream":{"{Drive}.drive":["w"],"{Stimuli}.stimuli":["w_desired"]},"hasExternalSignals":false,"convergenceAttempts":5,"faultInjectConfigurationPath":"","faultInjectInstances":{}}