time,{Stimuli}.stimuli.w_desired,{Stimuli}.stimuli.LoadTorque_Nm,{Controller}.ctrl.V,{Drive}.drive.w
0.0,0.0,0.0,0.0,0.0
0.001,0.0,0.0,0.0,0.0
0.002,0.0,0.0,0.0,0.0
0.003,0.0,0.0,0.0,0.0
0.004,0.0,0.0,0.0,0.0
0.005,0.0,0.0,0.0,0.0
0.006,0.0,0.0,0.0,0.0
0.007,0.0,0.0,0.0,0.0
0.008,0.0,0.0,0.0,0.0
0.009000000000000001,0.0,0.0,0.0,0.0
0.010000000000000002,0.0,0.0,0.0,0.0
0.011000000000000003,0.0,0.0,0.0,0.0
0.012000000000000004,0.0,0.0,0.0,0.0
0.013000000000000005,0.0,0.0,0.0,0.0
0.014000000000000005,0.0,0.0,0.0,0.0
0.015000000000000006,0.0,0.0,0.0,0.0
0.016000000000000007,0.0,0.0,0.0,0.0
0.017000000000000008,0.0,0.0,0.0,0.0
0.01800000000000001,0.0,0.0,0.0,0.0
0.01900000000000001,0.0,0.0,0.0,0.0
0.02000000000000001,0.0,0.0,0.0,0.0
0.02100000000000001,0.0,0.0,0.0,0.0
0.022000000000000013,0.0,0.0,0.0,0.0
0.023000000000000013,0.0,0.0,0.0,0.0
0.024000000000000014,0.0,0.0,0.0,0.0
0.025000000000000015,0.0,0.0,0.0,0.0
0.026000000000000016,0.0,0.0,0.0,0.0
0.027000000000000017,0.0,0.0,0.0,0.0
0.028000000000000018,0.0,0.0,0.0,0.0
0.02900000000000002,0.0,0.0,0.0,0.0
0.03000000000000002,0.0,0.0,0.0,0.0
0.03100000000000002,0.0,0.0,0.0,0.0
0.03200000000000002,0.0,0.0,0.0,0.0
0.03300000000000002,0.0,0.0,0.0,0.0
0.03400000000000002,0.0,0.0,0.0,0.0
0.035000000000000024,0.0,0.0,0.0,0.0
0.036000000000000025,0.0,0.0,0.0,0.0
0.037000000000000026,0.0,0.0,0.0,0.0
0.03800000000000003,0.0,0.0,0.0,0.0
0.03900000000000003,0.0,0.0,0.0,0.0
0.04000000000000003,0.0,0.0,0.0,0.0
0.04100000000000003,0.0,0.0,0.0,0.0
0.04200000000000003,0.0,0.0,0.0,0.0
0.04300000000000003,0.0,0.0,0.0,0.0
0.04400000000000003,0.0,0.0,0.0,0.0
0.04500000000000003,0.0,0.0,0.0,0.0
0.046000000000000034,0.0,0.0,0.0,0.0
0.047000000000000035,0.0,0.0,0.0,0.0
0.048000000000000036,0.0,0.0,0.0,0.0
0.04900000000000004,0.0,0.0,0.0,0.0
0.05000000000000004,0.0,0.0,0.0,0.0
0.05100000000000004,0.0,0.0,0.0,0.0
0.05200000000000004,0.0,0.0,0.0,0.0
0.05300000000000004,0.0,0.0,0.0,0.0
0.05400000000000004,0.0,0.0,0.0,0.0
0.05500000000000004,0.0,0.0,0.0,0.0
0.05600000000000004,0.0,0.0,0.0,0.0
0.057000000000000044,0.0,0.0,0.0,0.0
0.058000000000000045,0.0,0.0,0.0,0.0
0.059000000000000045,0.0,0.0,0.0,0.0
0.060000000000000046,0.0,0.0,0.0,0.0
0.06100000000000005,0.0,0.0,0.0,0.0
0.06200000000000005,0.0,0.0,0.0,0.0
0.06300000000000004,0.0,0.0,0.0,0.0
0.06400000000000004,0.0,0.0,0.0,0.0
0.06500000000000004,0.0,0.0,0.0,0.0
0.06600000000000004,0.0,0.0,0.0,0.0
0.06700000000000005,0.0,0.0,0.0,0.0
0.06800000000000005,0.0,0.0,0.0,0.0
0.06900000000000005,0.0,0.0,0.0,0.0
0.07000000000000005,0.0,0.0,0.0,0.0
0.07100000000000005,0.0,0.0,0.0,0.0
0.07200000000000005,0.0,0.0,0.0,0.0
0.07300000000000005,0.0,0.0,0.0,0.0
0.07400000000000005,0.0,0.0,0.0,0.0
0.07500000000000005,0.0,0.0,0.0,0.0
0.07600000000000005,0.0,0.0,0.0,0.0
0.07700000000000005,0.0,0.0,0.0,0.0
0.07800000000000006,0.0,0.0,0.0,0.0
0.07900000000000006,0.0,0.0,0.0,0.0
0.08000000000000006,0.0,0.0,0.0,0.0
0.08100000000000006,0.0,0.0,0.0,0.0
0.08200000000000006,0.0,0.0,0.0,0.0
0.08300000000000006,0.0,0.0,0.0,0.0
0.08400000000000006,0.0,0.0,0.0,0.0
0.08500000000000006,0.0,0.0,0.0,0.0
0.08600000000000006,0.0,0.0,0.0,0.0
0.08700000000000006,0.0,0.0,0.0,0.0
0.08800000000000006,0.0,0.0,0.0,0.0
0.08900000000000007,0.0,0.0,0.0,0.0
0.09000000000000007,0.0,0.0,0.0,0.0
0.09100000000000007,0.0,0.0,0.0,0.0
0.09200000000000007,0.0,0.0,0.0,0.0
0.09300000000000007,0.0,0.0,0.0,0.0
0.09400000000000007,0.0,0.0,0.0,0.0
0.09500000000000007,0.0,0.0,0.0,0.0
0.09600000000000007,0.0,0.0,0.0,0.0
0.09700000000000007,0.0,0.0,0.0,0.0
0.09800000000000007,0.0,0.0,0.0,0.0
0.09900000000000007,0.0,0.0,0.0,0.0
0.10000000000000007,10.0,0.0,0.0,0.0
0.10100000000000008,10.0,0.0,1.2,0.0
0.10200000000000008,10.0,0.0,1.4,0.023730010393074232
0.10300000000000008,10.0,0.0,1.597152398752831,0.07715643801093965
0.10400000000000008,10.0,0.0,1.7902666272308259,0.1661311998810329
0.10500000000000008,10.0,0.0,1.9780465270461958,0.2860595581970946
0.10600000000000008,10.0,0.0,2.1603325000506475,0.4391411917883572
0.10700000000000008,10.0,0.0,2.3362415128557545,0.6264843140720999
0.10800000000000008,10.0,0.0,2.504977514345938,0.8481102480531343
0.10900000000000008,10.0,0.0,2.665852715986772,1.1029889200982157
0.11000000000000008,10.0,0.0,2.8183050703802994,1.38910064461532
0.11100000000000008,10.0,0.0,2.961911885036282,1.703521806830632
0.11200000000000009,10.0,0.0,3.0963993326781383,2.042531490239767
0.11300000000000009,10.0,0.0,3.2216477345324295,2.4017356338442113
0.11400000000000009,10.0,0.0,3.337692607495101,2.776204949492538
0.11500000000000009,10.0,0.0,3.444721576940417,3.160622574751331
0.11600000000000009,10.0,0.0,3.543067362919511,3.549437312635575
0.11700000000000009,10.0,0.0,3.633197142878375,3.9370182796494535
0.11800000000000009,10.0,0.0,3.7156986805839978,4.31780688163575
0.11900000000000009,10.0,0.0,3.7912636827526534,4.686462228267909
0.12000000000000009,10.0,0.0,3.860668903524079,5.037996388789782
0.1210000000000001,10.0,0.0,3.9247555596960964,5.36789627141621
0.1220000000000001,10.0,0.0,3.984407646005129,5.672229356912394
0.1230000000000001,10.0,0.0,4.040529750317263,5.947731025358481
0.1240000000000001,10.0,0.0,4.094024962965484,6.191871770999819
0.12500000000000008,10.0,0.0,4.145773452981355,6.402903174810128
0.12600000000000008,10.0,0.0,4.1966122491041205,6.579882100764088
0.12700000000000009,10.0,0.0,4.247316714493443,6.722673164238544
0.12800000000000009,10.0,0.0,4.298584144861227,6.8319300909028025
0.1290000000000001,10.0,0.0,4.351019850376744,6.909057113451488
0.1300000000000001,10.0,0.0,4.405126005852846,6.95648417634398
0.1310000000000001,10.0,0.0,4.461253616036718,6.992905801203238
0.1320000000000001,10.0,0.0,4.5177533375267265,7.016726275734259
0.1330000000000001,10.0,0.0,4.57503676455894,7.033541431257379
0.1340000000000001,10.0,0.0,4.632684420381479,7.047972490182119
0.1350000000000001,10.0,0.0,4.690281864685363,7.062116901267068
0.1360000000000001,10.0,0.0,4.747625085551527,7.077224526628312
0.1370000000000001,10.0,0.0,4.804569832482836,7.09411044649098
0.1380000000000001,10.0,0.0,4.86099903156675,7.113283438400026
0.1390000000000001,10.0,0.0,4.916816063607844,7.135037007139966
0.1400000000000001,10.0,0.0,4.9719399665910515,7.159513959748514
0.1410000000000001,10.0,0.0,5.026301992135226,7.186752223022567
0.1420000000000001,10.0,0.0,5.079843121347369,7.216717352748919
0.1430000000000001,10.0,0.0,5.132512261319755,7.2493256000131465
0.1440000000000001,10.0,0.0,5.18426492459307,7.28446027372205
0.1450000000000001,10.0,0.0,5.235062251747739,7.321983343021994
0.1460000000000001,10.0,0.0,5.284870277957305,7.361743657520263
0.1470000000000001,10.0,0.0,5.333659373357073,7.403582763448639
0.1480000000000001,10.0,0.0,5.381403807495262,7.447339010912925
0.1490000000000001,10.0,0.0,5.428081402530576,7.492850444162993
0.1500000000000001,10.0,0.0,5.4736732503223084,7.539956826008169
0.1510000000000001,10.0,0.0,5.518163475617628,7.5885010450252235
0.1520000000000001,10.0,0.0,5.561539032815419,7.638330082989027
0.1530000000000001,10.0,0.0,5.6037895273592575,7.689295668142668
0.1540000000000001,10.0,0.0,5.64490705548104,7.741254703216297
0.1550000000000001,10.0,0.0,5.684886057909352,7.79406953338915
0.1560000000000001,10.0,0.0,5.723723184224283,7.847608098762735
0.1570000000000001,10.0,0.0,5.76141716571167,7.9017440042579254
0.1580000000000001,10.0,0.0,5.797968695076992,7.95635652967025
0.1590000000000001,10.0,0.0,5.833380311942355,8.011330597428351
0.16000000000000011,10.0,0.0,5.867656293217978,8.066556708512179
0.16100000000000012,10.0,0.0,5.900802547939351,8.121950544372085
0.16200000000000012,10.0,0.0,5.932824153465919,8.177399399064287
0.16300000000000012,10.0,0.0,5.963731280015414,8.232792483930805
0.16400000000000012,10.0,0.0,5.993536121850146,8.288048094890573
0.16500000000000012,10.0,0.0,6.022249598856358,8.343084649703034
0.16600000000000012,10.0,0.0,6.049884250381051,8.397825008850068
0.16700000000000012,10.0,0.0,6.076453714289346,8.452196470859958
0.16800000000000012,10.0,0.0,6.101972638671158,8.506130726260912
0.16900000000000012,10.0,0.0,6.126456598605844,8.559563784331443
0.17000000000000012,10.0,0.0,6.149922017112162,8.612435880766492
0.17100000000000012,10.0,0.0,6.172386089853326,8.664691371896302
0.17200000000000013,10.0,0.0,6.19386671330242,8.716278620089273
0.17300000000000013,10.0,0.0,6.214382416081336,8.76714987287902
0.17400000000000013,10.0,0.0,6.233952293344782,8.81726113814618
0.17500000000000013,10.0,0.0,6.252595944055142,8.866572057189753
0.17600000000000013,10.0,0.0,6.270333411006989,8.915045776728762
0.17700000000000013,10.0,0.0,6.287185123518514,8.962648820466976
0.17800000000000013,10.0,0.0,6.3031718427353525,9.009350961386552
0.17900000000000013,10.0,0.0,6.318314609415664,9.0551250947344
0.18000000000000013,10.0,0.0,6.33263469418619,9.099947112573776
0.18100000000000013,10.0,0.0,6.346153550150777,9.143795779672471
0.18200000000000013,10.0,0.0,6.3588927678474585,9.186652611542396
0.18300000000000013,10.0,0.0,6.370874032429618,9.228501754143316
0.18400000000000014,10.0,0.0,6.38211908308666,9.269329866143977
0.18500000000000014,10.0,0.0,6.392649674563714,9.309126003118314
0.18600000000000014,10.0,0.0,6.402487540803914,9.347881504158368
0.18700000000000014,10.0,0.0,6.411654360616742,9.385589881206771
0.18800000000000014,10.0,0.0,6.420171725287766,9.422246710582446
0.18900000000000014,10.0,0.0,6.428061108138549,9.457849527195396
0.19000000000000014,10.0,0.0,6.435343835933347,9.492397721304775
0.19100000000000014,10.0,0.0,6.4420410620963136,9.525892438032006
0.19200000000000014,10.0,0.0,6.44817374166295,9.558336479329794
0.19300000000000014,10.0,0.0,6.453762607946575,9.589734208757722
0.19400000000000014,10.0,0.0,6.458828150828628,9.620091458816374
0.19500000000000015,10.0,0.0,6.463390596646435,9.649415441133288
0.19600000000000015,10.0,0.0,6.467469889592078,9.677714659136377
0.19700000000000015,10.0,0.0,6.471085674609042,9.704998823546918
0.19800000000000015,10.0,0.0,6.474257281697049,9.731278770461849
0.19900000000000015,10.0,0.0,6.4770037115963195,9.756566382158983
0.20000000000000015,10.0,0.0,6.479343622783426,9.780874510463454
0.20100000000000015,10.0,0.0,6.48129531974371,9.80421690276159
0.20200000000000015,10.0,0.0,6.482876742458665,9.82660813060374
0.20300000000000015,10.0,0.0,6.484105457062375,9.848063520903894
0.20400000000000015,10.0,0.0,6.484998647614281,9.868599089676367
0.20500000000000015,10.0,0.0,6.485573108943506,9.888231478232473
0.20600000000000016,10.0,0.0,6.485845240523247,9.906977891892591
0.20700000000000016,10.0,0.0,6.485831041319384,9.924856041130722
0.20800000000000016,10.0,0.0,6.485546105572956,9.941884085111344
0.20900000000000016,10.0,0.0,6.485005619472666,9.958080577590431
0.21000000000000016,10.0,0.0,6.484224358672949,9.97346441513449
0.21100000000000016,10.0,0.0,6.483216686615854,9.988054787617648
0.21200000000000016,10.0,0.0,6.481996553615185,10.001871130945126
0.21300000000000016,10.0,0.0,6.4805774966635346,10.014933081976093
0.21400000000000016,10.0,0.0,6.478972639920916,10.027260435521102
0.21500000000000016,10.0,0.0,6.477194695855993,10.038873103582919
0.21600000000000016,10.0,0.0,6.475255966978153,10.049791076516213
0.21700000000000016,10.0,0.0,6.473168348154499,10.060034386103624
0.21800000000000017,10.0,0.0,6.470943329473687,10.069623070845834
0.21900000000000017,10.0,0.0,6.468591999582549,10.078577142856576
0.22000000000000017,10.0,0.0,6.466125049524343,10.086916556812263
0.22100000000000017,10.0,0.0,6.463552776992529,10.09466118063375
0.22200000000000017,10.0,0.0,6.460885090997706,10.10183076780403
0.22300000000000017,10.0,0.0,6.458131516924597,10.108444931509098
0.22400000000000017,10.0,0.0,6.455301201923908,10.114523120445204
0.22500000000000017,10.0,0.0,6.4524029206213935,10.120084596072694
0.22600000000000017,10.0,0.0,6.44944508113719,10.125148411511475
0.22700000000000017,10.0,0.0,6.446435731363083,10.129733392015854
0.22800000000000017,10.0,0.0,6.443382565472327,10.133858116636215
0.22900000000000018,10.0,0.0,6.440292930677567,10.137540901542037
0.23000000000000018,10.0,0.0,6.437173834156144,10.14079978455496
0.23100000000000018,10.0,0.0,6.434031950163752,10.143652510924419
0.23200000000000018,10.0,0.0,6.430873627308318,10.146116520511914
0.23300000000000018,10.0,0.0,6.42770489593933,10.148208935935656
0.23400000000000018,10.0,0.0,6.424531475678243,10.14994655242198
0.23500000000000018,10.0,0.0,6.42135878298117,10.151345828156975
0.23600000000000018,10.0,0.0,6.418191938844531,10.152422875230304
0.23700000000000018,10.0,0.0,6.4150357766325925,10.153193453422809
0.23800000000000018,10.0,0.0,6.411894849744885,10.153672963174461
0.23900000000000018,10.0,0.0,6.408773439506231,10.153876439640753
0.24000000000000019,10.0,0.0,6.4056755630667865,10.153818549584637
0.2410000000000002,10.0,0.0,6.402604981080706,10.153513575109601
0.2420000000000002,10.0,0.0,6.399565207026017,10.15297545136118
0.2430000000000002,10.0,0.0,6.396559510373636,10.15221771469717
0.2440000000000002,10.0,0.0,6.393590929746093,10.151253523778855
0.2450000000000002,10.0,0.0,6.390662278362347,10.15009565756566
0.2460000000000002,10.0,0.0,6.3877761518323535,10.148756515752106
0.2470000000000002,10.0,0.0,6.384934935698666,10.147248118451719
0.2480000000000002,10.0,0.0,6.382140813059671,10.145582107016418
0.2490000000000002,10.0,0.0,6.379395772062872,10.143769746397378
0.25000000000000017,10.0,0.0,6.376701613196828,10.141821927102965
0.25100000000000017,10.0,0.0,6.374059956584211,10.139749167547743
0.25200000000000017,10.0,0.0,6.371472249188778,10.137561617082536
0.25300000000000017,10.0,0.0,6.368939771893648,10.13526906048876
0.25400000000000017,10.0,0.0,6.3664636463432505,10.132880921009232
0.25500000000000017,10.0,0.0,6.364044841871018,10.130406265348347
0.25600000000000017,10.0,0.0,6.36168418213014,10.127853808176768
0.2570000000000002,10.0,0.0,6.359382351683762,10.125231917122878
0.2580000000000002,10.0,0.0,6.357139902446694,10.122548617529718
0.2590000000000002,10.0,0.0,6.354957260055416,10.119811598987486
0.2600000000000002,10.0,0.0,6.352834729929889,10.117028220518897
0.2610000000000002,10.0,0.0,6.35077250336637,10.114205516671992
0.2620000000000002,10.0,0.0,6.34877066341762,10.11135020393583
0.2630000000000002,10.0,0.0,6.34682919061252,10.108468686941679
0.2640000000000002,10.0,0.0,6.344947968573101,10.10556706514613
0.2650000000000002,10.0,0.0,6.343126789449733,10.102651139696647
0.2660000000000002,10.0,0.0,6.341365359200749,10.099726419707196
0.2670000000000002,10.0,0.0,6.339663302805549,10.096798129617557
0.2680000000000002,10.0,0.0,6.338020169222162,10.09387121616011
0.2690000000000002,10.0,0.0,6.336435436244705,10.09095035532133
0.2700000000000002,10.0,0.0,6.334908515222156,10.088039959556955
0.2710000000000002,10.0,0.0,6.333438755607455,10.085144184925605
0.2720000000000002,10.0,0.0,6.332025449372077,10.082266938163027
0.2730000000000002,10.0,0.0,6.330667835285074,10.079411883955448
0.2740000000000002,10.0,0.0,6.329365103026722,10.07658245239466
0.2750000000000002,10.0,0.0,6.328116397134908,10.07378184567485
0.2760000000000002,10.0,0.0,6.326920820893392,10.071013045873281
0.2770000000000002,10.0,0.0,6.325777439956083,10.068278821380218
0.2780000000000002,10.0,0.0,6.324685285977785,10.0655817345924
0.2790000000000002,10.0,0.0,6.323643359964719,10.062924148752298
0.2800000000000002,10.0,0.0,6.322650635573684,10.060308234824904
0.2810000000000002,10.0,0.0,6.321706062269925,10.05773597855464
0.2820000000000002,10.0,0.0,6.320808568325858,10.055209187215187
0.2830000000000002,10.0,0.0,6.319957063715499,10.052729496419541
0.2840000000000002,10.0,0.0,6.319150442866674,10.050298376721212
0.2850000000000002,10.0,0.0,6.318387587302082,10.047917140304566
0.2860000000000002,10.0,0.0,6.317667368137655,10.045586947362075
0.2870000000000002,10.0,0.0,6.316988648484663,10.043308812470638
0.2880000000000002,10.0,0.0,6.316350285724393,10.041083610827833
0.2890000000000002,10.0,0.0,6.3157511336721175,10.038912084504544
0.2900000000000002,10.0,0.0,6.315190044614356,10.036794848353896
0.2910000000000002,10.0,0.0,6.314665871262343,10.034732395962621
0.2920000000000002,10.0,0.0,6.314177468582217,10.03272510545543
0.2930000000000002,10.0,0.0,6.313723695523828,10.030773245078437
0.2940000000000002,10.0,0.0,6.313303416659958,10.02887697876217
0.2950000000000002,10.0,0.0,6.312915503716343,10.027036371483751
0.2960000000000002,10.0,0.0,6.312558837014509,10.025251394543302
0.2970000000000002,10.0,0.0,6.312232306817688,10.02352193075031
0.2980000000000002,10.0,0.0,6.311934814581981,10.021847779253221
0.2990000000000002,10.0,0.0,6.311665274146626,10.020228660628216
0.3000000000000002,10.0,0.0,6.311422612796562,10.01866422138637
0.3010000000000002,10.0,0.0,6.31120577229302,10.01715403865943
0.3020000000000002,10.0,0.0,6.311013709792524,10.015697624659435
0.3030000000000002,10.0,0.0,6.310845398699335,10.014294430855443
0.3040000000000002,10.0,0.0,6.310699829462626,10.012943852343836
0.3050000000000002,10.0,0.0,6.31057601026691,10.011645231751283
0.3060000000000002,10.0,0.0,6.3104729676911395,10.01039786316828
0.3070000000000002,10.0,0.0,6.310389747286074,10.009200995937901
0.3080000000000002,10.0,0.0,6.310325414090354,10.008053838258384
0.3090000000000002,10.0,0.0,6.310279053093137,10.00695556075943
0.3100000000000002,10.0,0.0,6.310249769627844,10.005905299813755
0.3110000000000002,10.0,0.0,6.310236689726136,10.004902160823772
0.3120000000000002,10.0,0.0,6.310238960408659,10.003945221330435
0.3130000000000002,10.0,0.0,6.310255749931384,10.003033534023063
0.3140000000000002,10.0,0.0,6.310286247981661,10.002166129610575
0.3150000000000002,10.0,0.0,6.3103296658306975,10.001342019585127
0.3160000000000002,10.0,0.0,6.310385236441539,10.000560198857498
0.3170000000000002,10.0,0.0,6.310452214537153,9.999819648282504
0.3180000000000002,10.0,0.0,6.310529876629003,9.999119337044643
0.31900000000000023,10.0,0.0,6.310617521011896,9.998458225044569
0.32000000000000023,10.0,0.0,6.310714467711012,9.997835264944944
0.32100000000000023,10.0,0.0,6.310820058422077,9.99724940434249
0.32200000000000023,10.0,0.0,6.310933656395472,9.99669958771593
0.32300000000000023,10.0,0.0,6.31105464630381,9.996184758417126
0.32400000000000023,10.0,0.0,6.311182434065348,9.995703860190629
0.32500000000000023,10.0,0.0,6.3113164466841845,9.995255839053646
0.32600000000000023,10.0,0.0,6.3114561320168105,9.994839644852142
0.32700000000000023,10.0,0.0,6.311600958539918,9.994454232728309
0.32800000000000024,10.0,0.0,6.311750415097735,9.994098564465451
0.32900000000000024,10.0,0.0,6.311904010634712,9.993771609988599
0.33000000000000024,10.0,0.0,6.312061273882625,9.993472348354345
0.33100000000000024,10.0,0.0,6.312221753078963,9.99319976904106
0.33200000000000024,10.0,0.0,6.312385015629471,9.992952872908926
0.33300000000000024,10.0,0.0,6.312550647784506,9.99273067337242
0.33400000000000024,10.0,0.0,6.312718254270708,9.99253219709794
0.33500000000000024,10.0,0.0,6.312887457956197,9.992356485298734
0.33600000000000024,10.0,0.0,6.313057899430143,9.992202593772337
0.33700000000000024,10.0,0.0,6.313229236707336,9.992069594367068
0.33800000000000024,10.0,0.0,6.313401144760522,9.991956575343677
0.33900000000000025,10.0,0.0,6.313573315155987,9.991862641410163
0.34000000000000025,10.0,0.0,6.313745455721135,9.991786915400747
0.34100000000000025,10.0,0.0,6.3139172900140625,9.991728538138258
0.34200000000000025,10.0,0.0,6.314088556977547,9.991686667658225
0.34300000000000025,10.0,0.0,6.3142590106723855,9.991660482255801
0.34400000000000025,10.0,0.0,6.314428419567512,9.991649177700571
0.34500000000000025,10.0,0.0,6.314596566469024,9.991651970772624
0.34600000000000025,10.0,0.0,6.314763247746365,9.991668097896188
0.34700000000000025,10.0,0.0,6.3149282730760845,9.991696814657875
0.34800000000000025,10.0,0.0,6.315091465106759,9.991737393607051
0.34900000000000025,10.0,0.0,6.3152526593397,9.991789130148547
0.35000000000000026,10.0,0.0,6.31541170308258,9.991851340933447
0.35100000000000026,10.0,0.0,6.31556845518542,9.991923359983476
0.35200000000000026,10.0,0.0,6.315722786080748,9.992004543046187
0.35300000000000026,10.0,0.0,6.3158745769135525,9.99209426534647
0.35400000000000026,10.0,0.0,6.316023719376595,9.992191921560211
0.35500000000000026,10.0,0.0,6.3161701153240175,9.992296926631496
0.35600000000000026,10.0,0.0,6.316313676284259,9.992408715157401
0.35700000000000026,10.0,0.0,6.316454323128521,9.99252674145199
0.35800000000000026,10.0,0.0,6.316591985670022,9.992650478937644
0.35900000000000026,10.0,0.0,6.316726602342703,9.992779420328748
0.36000000000000026,10.0,0.0,6.3168581197970175,9.99291307745805
0.36100000000000027,10.0,0.0,6.316986492534927,9.99305098051529
0.36200000000000027,10.0,0.0,6.317111682618897,9.993192678417733
0.36300000000000027,10.0,0.0,6.317233659260298,9.993337738306607
0.36400000000000027,10.0,0.0,6.317352398505278,9.993485744941625
0.36500000000000027,10.0,0.0,6.317467882942943,9.993636300942805
0.36600000000000027,10.0,0.0,6.317580101323969,9.993789026153653
0.36700000000000027,10.0,0.0,6.317689048279811,9.993943557422755
0.36800000000000027,10.0,0.0,6.317794724004446,9.99409954829064
0.36900000000000027,10.0,0.0,6.317897133951845,9.994256668540793
0.3700000000000003,10.0,0.0,6.317996288556014,9.994414603958809
0.3710000000000003,10.0,0.0,6.318092202935036,9.994573056004027
0.3720000000000003,10.0,0.0,6.3181848966104335,9.994731741245264
0.3730000000000003,10.0,0.0,6.3182743932614045,9.994890391389362
0.3740000000000003,10.0,0.0,6.318360720419207,9.995048752477823
0.3750000000000003,10.0,0.0,6.318443909260804,9.99520658464349
0.3760000000000003,10.0,0.0,6.318523994351367,9.995363661944845
0.3770000000000003,10.0,0.0,6.318601013382335,9.995519771767102
0.3780000000000003,10.0,0.0,6.318675006964767,9.995674714501986
0.3790000000000003,10.0,0.0,6.31874601840124,9.995828303091773
0.3800000000000003,10.0,0.0,6.318814093480426,9.995980362810423
0.3810000000000003,10.0,0.0,6.318879280252353,9.996130730924438
0.3820000000000003,10.0,0.0,6.318941628822461,9.996279256021412
0.3830000000000003,10.0,0.0,6.319001191192337,9.996425797882587
0.3840000000000003,10.0,0.0,6.319058021048567,9.996570226934317
0.3850000000000003,10.0,0.0,6.319112173604708,9.996712424071045
0.3860000000000003,10.0,0.0,6.319163705409615,9.996852280122974
0.3870000000000003,10.0,0.0,6.319212674201962,9.996989695672095
0.3880000000000003,10.0,0.0,6.319259138733608,9.997124580470395
0.3890000000000003,10.0,0.0,6.31930315864437,9.997256853362735
0.3900000000000003,10.0,0.0,6.319344794287881,9.99738644168746
0.3910000000000003,10.0,0.0,6.319384106621659,9.997513281009205
0.3920000000000003,10.0,0.0,6.319421157069301,9.997637314677224
0.3930000000000003,10.0,0.0,6.319456007408954,9.997758493749924
0.3940000000000003,10.0,0.0,6.319488719626686,9.997876776511701
0.3950000000000003,10.0,0.0,6.319519355820274,9.997992128082506
0.3960000000000003,10.0,0.0,6.319547978101544,9.99810452027902
0.3970000000000003,10.0,0.0,6.319574648476311,9.998213931060992
0.3980000000000003,10.0,0.0,6.319599428776894,9.99832034450172
0.3990000000000003,10.0,0.0,6.319622380542787,9.998423750283866
0.4000000000000003,10.0,0.0,6.319643564958896,9.99852414350468
0.4010000000000003,10.0,0.0,6.31966304276672,9.99862152440631
0.4020000000000003,10.0,0.0,6.319680874188431,9.998715898069849
0.4030000000000003,10.0,0.0,6.31969711886068,9.998807274075443
0.4040000000000003,10.0,0.0,6.319711835778612,9.99889566636046
0.4050000000000003,10.0,0.0,6.3197250832229015,9.99898109292318
0.4060000000000003,10.0,0.0,6.319736918708165,9.99906357554567
0.4070000000000003,10.0,0.0,6.319747398935004,9.999143139602246
0.4080000000000003,10.0,0.0,6.319756579737301,9.999219813761709
0.4090000000000003,10.0,0.0,6.31976451604612,9.999293629823141
0.4100000000000003,10.0,0.0,6.319771261843513,9.999364622502084
0.4110000000000003,10.0,0.0,6.319776870125577,9.999432829166256
0.4120000000000003,10.0,0.0,6.319781392875836,9.999498289632104
0.4130000000000003,10.0,0.0,6.319784881036609,9.999561046022919
0.4140000000000003,10.0,0.0,6.319787384477069,9.99962114255494
0.4150000000000003,10.0,0.0,6.319788951972768,9.999678625335424
0.4160000000000003,10.0,0.0,6.319789631188011,9.999733542197804
0.4170000000000003,10.0,0.0,6.319789468657817,9.99978594253841
0.4180000000000003,10.0,0.0,6.319788509772987,9.999835877140354
0.4190000000000003,10.0,0.0,6.319786798769987,9.99988339803636
0.4200000000000003,10.0,0.0,6.319784378719659,9.999928558332616
0.4210000000000003,10.0,0.0,6.31978129152338,9.999971412086822
0.4220000000000003,10.0,0.0,6.3197775779062235,10.000012014172544
0.4230000000000003,10.0,0.0,6.319773277414201,10.00005042009194
0.4240000000000003,10.0,0.0,6.3197684284204225,10.000086685958763
0.4250000000000003,10.0,0.0,6.319763068114565,10.0001208683039
0.4260000000000003,10.0,0.0,6.3197572325139735,10.000153023914915
0.4270000000000003,10.0,0.0,6.319750956474573,10.000183209822367
0.4280000000000003,10.0,0.0,6.31974427368738,10.000211483174299
0.4290000000000003,10.0,0.0,6.319737216688702,10.000237901140432
0.4300000000000003,10.0,0.0,6.3197298168692795,10.000262520766558
0.4310000000000003,10.0,0.0,6.319722104491336,10.000285398905365
0.43200000000000033,10.0,0.0,6.3197141086993485,10.000306592199768
0.43300000000000033,10.0,0.0,6.319705857525912,10.000326156902005
0.43400000000000033,10.0,0.0,6.319697377917649,10.00034414899294
0.43500000000000033,10.0,0.0,6.319688695728696,10.000360623955306
0.43600000000000033,10.0,0.0,6.3196798357533535,10.000375636424764
0.43700000000000033,10.0,0.0,6.319670821777912,10.000389240811378
0.43800000000000033,10.0,0.0,6.319661676523023,10.000401490894715
0.43900000000000033,10.0,0.0,6.319652421696795,10.000412439521853
0.44000000000000034,10.0,0.0,6.319643078043645,10.000422138806034
0.44100000000000034,10.0,0.0,6.319633665339105,10.000430639996132
0.44200000000000034,10.0,0.0,6.319624202420172,10.00043799403751
0.44300000000000034,10.0,0.0,6.319614707135284,10.000444250609641
0.44400000000000034,10.0,0.0,6.319605196465878,10.000449458283837
0.44500000000000034,10.0,0.0,6.319595686532782,10.000453665066793
0.44600000000000034,10.0,0.0,6.3195861925531505,10.000456917752201
0.44700000000000034,10.0,0.0,6.319576728929565,10.0004592623978
0.44800000000000034,10.0,0.0,6.3195673092170495,10.000460744157486
0.44900000000000034,10.0,0.0,6.319557946157931,10.00046140530916
0.45000000000000034,10.0,0.0,6.31954865193658,10.000461288818517
0.45100000000000035,10.0,0.0,6.319539437809274,10.000460435497963
0.45200000000000035,10.0,0.0,6.319530314431371,10.000458891035148
0.45300000000000035,10.0,0.0,6.31952129105695,10.000456692360212
0.45400000000000035,10.0,0.0,6.319512377077239,10.0004538784654
0.45500000000000035,10.0,0.0,6.319503580897413,10.000450486282569
0.45600000000000035,10.0,0.0,6.319494910390044,10.000446552023037
0.45700000000000035,10.0,0.0,6.319486372775536,10.00044211149059
0.45800000000000035,10.0,0.0,6.3194779745989695,10.000437199013852
0.45900000000000035,10.0,0.0,6.3194697218663665,10.000431847908436
0.46000000000000035,10.0,0.0,6.319461620018739,10.000426089791068
0.46100000000000035,10.0,0.0,6.319453674034655,10.00041995619692
0.46200000000000035,10.0,0.0,6.319445888270131,10.000413476302372
0.46300000000000036,10.0,0.0,6.319438266733539,10.000406679260408
0.46400000000000036,10.0,0.0,6.319430812852527,10.000399593339111
0.46500000000000036,10.0,0.0,6.3194235295778745,10.000392245181814
0.46600000000000036,10.0,0.0,6.3194164194899685,10.00038466060267
0.46700000000000036,10.0,0.0,6.3194094847358295,10.000376864463767
0.46800000000000036,10.0,0.0,6.319402727060444,10.000368880306006
0.46900000000000036,10.0,0.0,6.3193961478701,10.000360731236098
0.47000000000000036,10.0,0.0,6.3193897481523695,10.000352439345875
0.47100000000000036,10.0,0.0,6.319383528554474,10.000344025330035
0.47200000000000036,10.0,0.0,6.319377489449457,10.000335509225167
0.47300000000000036,10.0,0.0,6.319371630875441,10.000326910370523
0.47400000000000037,10.0,0.0,6.319365952553495,10.000318246999411
0.47500000000000037,10.0,0.0,6.319360453950618,10.000309536327974
0.47600000000000037,10.0,0.0,6.319355134291202,10.000300794840957
0.47700000000000037,10.0,0.0,6.319349992543085,10.000292038098337
0.47800000000000037,10.0,0.0,6.31934502745538,10.000283281108548
0.47900000000000037,10.0,0.0,6.319340237532189,10.000274538038061
0.48000000000000037,10.0,0.0,6.3193356210784755,10.000265822068247
0.48100000000000037,10.0,0.0,6.319331176234091,10.000257145599816
0.4820000000000004,10.0,0.0,6.319326900968938,10.00024852051846
0.4830000000000004,10.0,0.0,6.319322793066704,10.000239957950905
0.4840000000000004,10.0,0.0,6.319318850164442,10.000231468145307
0.4850000000000004,10.0,0.0,6.319315069782095,10.000223060950507
0.4860000000000004,10.0,0.0,6.319311449282565,10.000214745433524
0.4870000000000004,10.0,0.0,6.319307985925593,10.000206529935516
0.4880000000000004,10.0,0.0,6.319304676876683,10.000198422442867
0.4890000000000004,10.0,0.0,6.319301519177091,10.00019043014909
0.4900000000000004,10.0,0.0,6.319298509803487,10.000182559572066
0.4910000000000004,10.0,0.0,6.319295645669748,10.000174816901135
0.4920000000000004,10.0,0.0,6.319292923598819,10.000167207764788
0.4930000000000004,10.0,0.0,6.319290340357157,10.000159737141288
0.4940000000000004,10.0,0.0,6.319287892676681,10.00015240956946
0.4950000000000004,10.0,0.0,6.319285577242475,10.000145229267812
0.4960000000000004,10.0,0.0,6.319283390687284,10.000138199766543
0.4970000000000004,10.0,0.0,6.319281329642079,10.000131324258682
0.4980000000000004,10.0,0.0,6.319279390707692,10.000124605598703
0.4990000000000004,10.0,0.0,6.319277570461717,10.000118046143594
0.5000000000000003,10.0,3.0,6.319275865484355,10.00011164791692
0.5010000000000003,10.0,3.0,6.319274272348684,10.026450534813417
0.5020000000000003,10.0,3.0,6.316111372962767,10.05193211469903
0.5030000000000003,10.0,3.0,6.312524572680224,10.07637584142991
0.5040000000000003,10.0,3.0,6.308552683178538,10.099694149569531
0.5050000000000003,10.0,3.0,6.304226969373185,10.121832583723439
0.5060000000000003,10.0,3.0,6.299576474283326,10.142761239760636
0.5070000000000003,10.0,3.0,6.294628383884393,10.162468446362304
0.5080000000000003,10.0,3.0,6.2894082942969805,10.180956049174643
0.5090000000000003,10.0,3.0,6.283940413032253,10.198235888225998
0.5100000000000003,10.0,3.0,6.278247711362598,10.214327163132893
0.5110000000000003,10.0,3.0,6.272352040609251,10.22925445948309
0.5120000000000003,10.0,3.0,6.2662742217845695,10.243046269650677
0.5130000000000003,10.0,3.0,6.260034115374798,10.25573387960967
0.5140000000000003,10.0,3.0,6.253650676786704,10.267350531618426
0.5150000000000003,10.0,3.0,6.247142000953461,10.277930790862817
0.5160000000000003,10.0,3.0,6.240525359211765,10.287510065483865
0.5170000000000003,10.0,3.0,6.233817230439983,10.296124241697902
0.5180000000000003,10.0,3.0,6.227033327984621,10.30380940478113
0.5190000000000003,10.0,3.0,6.220188623580675,10.3106016242048
0.5200000000000004,10.0,3.0,6.213297369154213,10.31653678858753
0.5210000000000004,10.0,3.0,6.20637311694419,10.321650476652106
0.5220000000000004,10.0,3.0,6.19942873860469,10.325977856608892
0.5230000000000004,10.0,3.0,6.192476443476833,10.329553606997933
0.5240000000000004,10.0,3.0,6.185527796297971,10.332411853869672
0.5250000000000004,10.0,3.0,6.178593734533403,10.334586120872205
0.5260000000000004,10.0,3.0,6.171684585415706,10.33610928941057
0.5270000000000004,10.0,3.0,6.164810082773658,10.337013566082948
0.5280000000000004,10.0,3.0,6.157979383784761,10.33733045747008
0.5290000000000004,10.0,3.0,6.151201085496647,10.337090749058692
0.5300000000000004,10.0,3.0,6.144483241356611,10.336324489143012
0.5310000000000004,10.0,3.0,6.137833377565319,10.335060975684362
0.5320000000000004,10.0,3.0,6.131258509397497,10.333328746476232
0.5330000000000004,10.0,3.0,6.124765157388786,10.33115557162618
0.5340000000000004,10.0,3.0,6.118359363441267,10.328568448577647
0.5350000000000004,10.0,3.0,6.112046706774567,10.325593598965268
0.5360000000000004,10.0,3.0,6.1058323197565,10.322256466832622
0.5370000000000004,10.0,3.0,6.099720903633112,10.318581719112236
0.5380000000000004,10.0,3.0,6.093716744022905,10.314593246919674
0.5390000000000004,10.0,3.0,6.087823726303768,10.310314168591852
0.5400000000000004,10.0,3.0,6.082045350764713,10.305766833602174
0.5410000000000004,10.0,3.0,6.0763847475916375,10.300972827704049
0.5420000000000004,10.0,3.0,6.070844691627369,10.295952979048275
0.5430000000000004,10.0,3.0,6.065427616911981,10.290727365156599
0.5440000000000004,10.0,3.0,6.060135630998016,10.285315321000159
0.5450000000000004,10.0,3.0,6.054970528993658,10.279735447603588
0.5460000000000004,10.0,3.0,6.049933807381243,10.274005621386323
0.5470000000000004,10.0,3.0,6.045026677575243,10.26814300433946
0.5480000000000004,10.0,3.0,6.04025007919314,10.262164054725657
0.5490000000000004,10.0,3.0,6.035604693060008,10.256084538349157
0.5500000000000004,10.0,3.0,6.031090953930675,10.249919540294922
0.5510000000000004,10.0,3.0,6.0267090629302,10.243683477102667
0.5520000000000004,10.0,3.0,6.022458999707371,10.237390109517044
0.5530000000000004,10.0,3.0,6.018340534275593,10.231052555536284
0.5540000000000004,10.0,3.0,6.0143532385629435,10.224683303710627
0.5550000000000004,10.0,3.0,6.010496497671296,10.218294226703259
0.5560000000000004,10.0,3.0,6.006769520837968,10.211896595367545
0.5570000000000004,10.0,3.0,6.003171352064188,10.205501092783338
0.5580000000000004,10.0,3.0,5.999700880466942,10.199117828573529
0.5590000000000004,10.0,3.0,5.996356850316452,10.19275635340702
0.5600000000000004,10.0,3.0,5.993137870764962,10.186425673533124
0.5610000000000004,10.0,3.0,5.99004242528169,10.180134265490503
0.5620000000000004,10.0,3.0,5.9870688807761425,10.173890090833266
0.5630000000000004,10.0,3.0,5.9842154964252,10.16770061084875
0.5640000000000004,10.0,3.0,5.981480432206677,10.16157280145519
0.5650000000000004,10.0,3.0,5.978861757116929,10.155513167859072
0.5660000000000004,10.0,3.0,5.976357457119359,10.149527759386102
0.5670000000000004,10.0,3.0,5.973965442778934,10.143622184050638
0.5680000000000004,10.0,3.0,5.971683556631468,10.137801623190228
0.5690000000000004,10.0,3.0,5.969509580253704,10.13207084605006
0.5700000000000004,10.0,3.0,5.9674412410467195,10.126434224011351
0.5710000000000004,10.0,3.0,5.965476218770363,10.120895744946274
0.5720000000000004,10.0,3.0,5.963612151777945,10.115459027274412
0.5730000000000004,10.0,3.0,5.961846642999643,10.110127333884268
0.5740000000000004,10.0,3.0,5.960177265660973,10.104903585948225
0.5750000000000004,10.0,3.0,5.958601568735613,10.09979037646209
0.5760000000000004,10.0,3.0,5.957117082154984,10.094789983590626
0.5770000000000004,10.0,3.0,5.955721321770318,10.089904383859583
0.5780000000000004,10.0,3.0,5.954411794066231,10.08513526506132
0.5790000000000004,10.0,3.0,5.953186000644831,10.080484039003322
0.5800000000000004,10.0,3.0,5.9520414424705645,10.07595185395421
0.5810000000000004,10.0,3.0,5.950975623896392,10.071539606872937
0.5820000000000004,10.0,3.0,5.94998605646706,10.067247955382925
0.5830000000000004,10.0,3.0,5.949070262508403,10.0630773294926
0.5840000000000004,10.0,3.0,5.948225778507584,10.059027943032516
0.5850000000000004,10.0,3.0,5.947450158292942,10.055099804869352
0.5860000000000004,10.0,3.0,5.9467409760118715,10.051292729811427
0.5870000000000004,10.0,3.0,5.946095828921435,10.047606349254936
0.5880000000000004,10.0,3.0,5.945512339991986,10.044040121551927
0.5890000000000004,10.0,3.0,5.944988160331248,10.040593342105723
0.5900000000000004,10.0,3.0,5.944520971433755,10.037265153175586
0.5910000000000004,10.0,3.0,5.944108487263256,10.034054553430563
0.5920000000000004,10.0,3.0,5.943748456169147,10.030960407188807
0.5930000000000004,10.0,3.0,5.943438662649546,10.027981453399686
0.5940000000000004,10.0,3.0,5.943176928960464,10.025116314338437
0.5950000000000004,10.0,3.0,5.94296111657982,10.022363504029183
0.5960000000000004,10.0,3.0,5.942789127530162,10.019721436380953
0.5970000000000004,10.0,3.0,5.942658905567366,10.017188433060449
0.5980000000000004,10.0,3.0,5.942568437238207,10.014762731088766
0.5990000000000004,10.0,3.0,5.9425157528136,10.01244249016285
0.6000000000000004,10.0,3.0,5.9424989271029345,10.010225799714922
0.6010000000000004,10.0,3.0,5.942516080153429,10.00811068570599
0.6020000000000004,10.0,3.0,5.942565377840203,10.00609511715911
0.6030000000000004,10.0,3.0,5.942645032351708,10.004177012432505
0.6040000000000004,10.0,3.0,5.942753302575718,10.002354245242609
0.6050000000000004,10.0,3.0,5.942888494389855,10.000624650433119
0.6060000000000004,10.0,3.0,5.943048960862142,9.998986029503802
0.6070000000000004,10.0,3.0,5.943233102364998,9.997436155889153
0.6080000000000004,10.0,3.0,5.943439366608679,9.995972780008856
0.6090000000000004,10.0,3.0,5.943666248596531,9.994593634085893
0.6100000000000004,10.0,3.0,5.94391229050711,9.993296436722018
0.6110000000000004,10.0,3.0,5.944176081509057,9.992078897274832
0.6120000000000004,10.0,3.0,5.944456257508279,9.990938719995999
0.6130000000000004,10.0,3.0,5.944751500836243,9.98987360796457
0.6140000000000004,10.0,3.0,5.945060539880094,9.988881266815591
0.6150000000000004,10.0,3.0,5.94538214865868,9.98795940826475
0.6160000000000004,10.0,3.0,5.94571514634847,9.987105753424405
0.6170000000000004,10.0,3.0,5.946058396764016,9.9863180359473
0.6180000000000004,10.0,3.0,5.94641080779278,9.98559400496343
0.6190000000000004,10.0,3.0,5.946771330791899,9.984931427846112
0.6200000000000004,10.0,3.0,5.947138959946708,9.984328092813087
0.6210000000000004,10.0,3.0,5.947512731593749,9.98378181132516
0.6220000000000004,10.0,3.0,5.9478917235160385,9.983290420341968
0.6230000000000004,10.0,3.0,5.948275054207518,9.982851784424998
0.6240000000000004,10.0,3.0,5.948661882110715,9.982463797650668
0.6250000000000004,10.0,3.0,5.949051404835135,9.982124385417567
0.6260000000000004,10.0,3.0,5.949442858350094,9.981831506066603
0.6270000000000004,10.0,3.0,5.949835516163858,9.981583152395144
0.6280000000000004,10.0,3.0,5.950228688483101,9.981377353013874
0.6290000000000004,10.0,3.0,5.9506217213609505,9.981212173585892
0.6300000000000004,10.0,3.0,5.951013995832031,9.981085717934626
0.6310000000000004,10.0,3.0,5.951404927038465,9.980996129042033
0.6320000000000005,10.0,3.0,5.951793963346883,9.980941589904528
0.6330000000000005,10.0,3.0,5.952180585462543,9.98092032432411
0.6340000000000005,10.0,3.0,5.952564305534102,9.980930597549978
0.6350000000000005,10.0,3.0,5.952944666260515,9.980970716838417
0.6360000000000005,10.0,3.0,5.953321239994903,9.981039031919545
0.6370000000000005,10.0,3.0,5.953693627848399,9.981133935363346
0.6380000000000005,10.0,3.0,5.954061458796753,9.981253862863923
0.6390000000000005,10.0,3.0,5.954424388789416,9.981397293428788
0.6400000000000005,10.0,3.0,5.954782099864354,9.981562749501748
0.6410000000000005,10.0,3.0,5.955134299267023,9.98174879701181
0.6420000000000005,10.0,3.0,5.95548071857578,9.981954045336632
0.6430000000000005,10.0,3.0,5.955821112836564,9.98217714720638
0.6440000000000005,10.0,3.0,5.956155259705462,9.982416798539802
0.6450000000000005,10.0,3.0,5.956482958601324,9.982671738232824
0.6460000000000005,10.0,3.0,5.9568040298673655,9.982940747877691
0.6470000000000005,10.0,3.0,5.957118313945324,9.98322265142922
0.6480000000000005,10.0,3.0,5.957425670561587,9.983516314819719
0.6490000000000005,10.0,3.0,5.957725977926143,9.983820645545858
0.6500000000000005,10.0,3.0,5.958019131942612,9.984134592187687
0.6510000000000005,10.0,3.0,5.958305045434675,9.984457143897417
0.6520000000000005,10.0,3.0,5.958583647385754,9.984787329853837
0.6530000000000005,10.0,3.0,5.958854882193035,9.985124218683442
0.6540000000000005,10.0,3.0,5.959118708936405,9.985466917837941
0.6550000000000005,10.0,3.0,5.959375100664197,9.985814572955567
0.6560000000000005,10.0,3.0,5.9596240436933225,9.9861663671859
0.6570000000000005,10.0,3.0,5.959865536926571,9.986521520496904
0.6580000000000005,10.0,3.0,5.960099591185533,9.98687928896959
0.6590000000000005,10.0,3.0,5.9603262285588725,9.987238964043764
0.6600000000000005,10.0,3.0,5.96054548177058,9.987599871778798
0.6610000000000005,10.0,3.0,5.960757393561501,9.98796137208233
0.6620000000000005,10.0,3.0,5.960962016089501,9.988322857929347
0.6630000000000005,10.0,3.0,5.961159410346212,9.988683754570356
0.6640000000000005,10.0,3.0,5.961349645590704,9.989043518728412
0.6650000000000005,10.0,3.0,5.96153279880033,9.989401637797503
0.6660000000000005,10.0,3.0,5.961708954137472,9.989757629020694
0.6670000000000005,10.0,3.0,5.961878202434739,9.990111038671069
0.6680000000000005,10.0,3.0,5.962040640696279,9.990461441236368
0.6690000000000005,10.0,3.0,5.962196371615023,9.9908084385954
0.6700000000000005,10.0,3.0,5.962345503107212,9.991151659192434
0.6710000000000005,10.0,3.0,5.9624881478636595,9.991490757218845
0.6720000000000005,10.0,3.0,5.962624422916641,9.991825411793373
0.6730000000000005,10.0,3.0,5.962754449223321,9.99215532615289
0.6740000000000005,10.0,3.0,5.962878351264311,9.99248022683323
0.6750000000000005,10.0,3.0,5.962996256659612,9.99279986287717
0.6760000000000005,10.0,3.0,5.963108295797675,9.99311400502695
0.6770000000000005,10.0,3.0,5.963214601482159,9.993422444946448
0.6780000000000005,10.0,3.0,5.96331530859128,9.993724994433865
0.6790000000000005,10.0,3.0,5.963410553753861,9.994021484653851
0.6800000000000005,10.0,3.0,5.963500475038786,9.994311765374132
0.6810000000000005,10.0,3.0,5.963585211659274,9.994595704221936
0.6820000000000005,10.0,3.0,5.963664903690055,9.994873185939909
0.6830000000000005,10.0,3.0,5.96373969179946,9.995144111662693
0.6840000000000005,10.0,3.0,5.963809716993927,9.995408398204882
0.6850000000000005,10.0,3.0,5.963875120375611,9.995665977357467
0.6860000000000005,10.0,3.0,5.963936042913203,9.995916795202959
0.6870000000000005,10.0,3.0,5.963992625224595,9.996160811441005
0.6880000000000005,10.0,3.0,5.964045007371969,9.996397998728812
0.6890000000000005,10.0,3.0,5.964093328668613,9.996628342035947
0.6900000000000005,10.0,3.0,5.964137727497181,9.996851838017008
0.6910000000000005,10.0,3.0,5.9641783411387355,9.997068494392918
0.6920000000000005,10.0,3.0,5.964215305613285,9.99727832935346
0.6930000000000005,10.0,3.0,5.964248755530162,9.99748137097113
0.6940000000000005,10.0,3.0,5.964278823948973,9.997677656632105
0.6950000000000005,10.0,3.0,5.964305642250233,9.997867232481752
0.6960000000000005,10.0,3.0,5.964329340015633,9.998050152886362
0.6970000000000005,10.0,3.0,5.9643500449174445,9.998226479910237
0.6980000000000005,10.0,3.0,5.964367882616853,9.998396282808898
0.6990000000000005,10.0,3.0,5.964382976670808,9.99855963753588
0.7000000000000005,10.0,3.0,5.964395448447392,9.998716626266898
0.7010000000000005,10.0,3.0,5.964405417048952,9.998867336939322
0.7020000000000005,10.0,3.0,5.964412999242923,9.999011862806071
0.7030000000000005,10.0,3.0,5.964418309400127,9.999150302005177
0.7040000000000005,10.0,3.0,5.964421459440113,9.999282757144625
0.7050000000000005,10.0,3.0,5.9644225587832755,9.999409334901753
0.7060000000000005,10.0,3.0,5.964421714309528,9.999530145637735
0.7070000000000005,10.0,3.0,5.9644190303231746,9.999645303026707
0.7080000000000005,10.0,3.0,5.964414608523744,9.999754923699209
0.7090000000000005,10.0,3.0,5.96440854798251,9.999859126899848
0.7100000000000005,10.0,3.0,5.964400945124449,9.999958034159205
0.7110000000000005,10.0,3.0,5.964391893715329,10.000051768979208
0.7120000000000005,10.0,3.0,5.964381484853745,10.000140456532325
0.7130000000000005,10.0,3.0,5.964369806967787,10.000224223373861
0.7140000000000005,10.0,3.0,5.9643569458161565,10.00030319716749
0.7150000000000005,10.0,3.0,5.9643429844934435,10.000377506423943
0.7160000000000005,10.0,3.0,5.964328003439319,10.000447280251155
0.7170000000000005,10.0,3.0,5.964312080451575,10.000512648118285
0.7180000000000005,10.0,3.0,5.964295290702497,10.000573739630168
0.7190000000000005,10.0,3.0,5.964277706758705,10.000630684314656
0.7200000000000005,10.0,3.0,5.964259398603963,10.00068361142029
0.7210000000000005,10.0,3.0,5.964240433664995,10.000732649726423
0.7220000000000005,10.0,3.0,5.964220876839852,10.000777927363018
0.7230000000000005,10.0,3.0,5.964200790528933,10.000819571642076
0.7240000000000005,10.0,3.0,5.964180234668186,10.000857708898161
0.7250000000000005,10.0,3.0,5.9641592667646135,10.000892464340403
0.7260000000000005,10.0,3.0,5.964137941933582,10.000923961912466
0.7270000000000005,10.0,3.0,5.964116312938127,10.000952324163555
0.7280000000000005,10.0,3.0,5.964094430229746,10.000977672126671
0.7290000000000005,10.0,3.0,5.964072341990901,10.001000125207536
0.7300000000000005,10.0,3.0,5.964050094178663,10.001019801081501
0.7310000000000005,10.0,3.0,5.964027730569637,10.001036815598303
0.7320000000000005,10.0,3.0,5.964005292805991,10.001051282693984
0.7330000000000005,10.0,3.0,5.963982820442544,10.001063314312493
0.7340000000000005,10.0,3.0,5.9639603509944425,10.001073020332631
0.7350000000000005,10.0,3.0,5.963937919985776,10.001080508504572
0.7360000000000005,10.0,3.0,5.96391556099849,10.001085884389767
0.7370000000000005,10.0,3.0,5.963893305722175,10.001089251310944
0.7380000000000005,10.0,3.0,5.963871184003839,10.001090710305562
0.7390000000000005,10.0,3.0,5.963849223898267,10.001090360087122
0.7400000000000005,10.0,3.0,5.963827451718368,10.001088297011702
0.7410000000000005,10.0,3.0,5.963805892085676,10.001084615050255
0.7420000000000005,10.0,3.0,5.963784567980816,10.001079405765083
0.7430000000000005,10.0,3.0,5.963763500794031,10.001072758292269
0.7440000000000005,10.0,3.0,5.963742710375467,10.001064759329415
0.7450000000000006,10.0,3.0,5.963722215085164,10.001055493126552
0.7460000000000006,10.0,3.0,5.963702031842919,10.00104504148284
0.7470000000000006,10.0,3.0,5.963682176177633,10.001033483746038
0.7480000000000006,10.0,3.0,5.963662662276392,10.001020896816888
0.7490000000000006,10.0,3.0,5.963643503032969,10.001007355156437
0.7500000000000006,10.0,3.0,5.9636247100958855,10.00099293079711
0.7510000000000006,10.0,3.0,5.963606293915876,10.00097769335765
0.7520000000000006,10.0,3.0,5.963588263792669,10.000961710060237
0.7530000000000006,10.0,3.0,5.9635706279212055,10.000945045749924
0.7540000000000006,10.0,3.0,5.9635533934372384,10.000927762919193
0.7550000000000006,10.0,3.0,5.9635365664619275,10.000909921732799
0.7560000000000006,10.0,3.0,5.963520152145911,10.000891580055086
0.7570000000000006,10.0,3.0,5.963504154712581,10.000872793481133
0.7580000000000006,10.0,3.0,5.963488577500353,10.000853615367813
0.7590000000000006,10.0,3.0,5.963473423004329,10.000834096867992
0.7600000000000006,10.0,3.0,5.9634586929169515,10.000814286966552
0.7610000000000006,10.0,3.0,5.963444388167765,10.000794232516832
0.7620000000000006,10.0,3.0,5.9634305089624,10.00077397827984
0.7630000000000006,10.0,3.0,5.9634170548205025,10.000753566963695
0.7640000000000006,10.0,3.0,5.963404024612844,10.000733039264802
0.7650000000000006,10.0,3.0,5.963391416597437,10.000712433909705
0.7660000000000006,10.0,3.0,5.963379228454753,10.000691787698033
0.7670000000000006,10.0,3.0,5.96336745732196,10.000671135546463
0.7680000000000006,10.0,3.0,5.963356099826187,10.000650510532731
0.7690000000000006,10.0,3.0,5.963345152116906,10.00062994394044
0.7700000000000006,10.0,3.0,5.963334609897326,10.000609465304912
0.7710000000000006,10.0,3.0,5.963324468454782,10.000589102458648
0.7720000000000006,10.0,3.0,5.963314722690235,10.000568881577355
0.7730000000000006,10.0,3.0,5.963305367146817,10.000548827226323
0.7740000000000006,10.0,3.0,5.963296396037394,10.000528962406435
0.7750000000000006,10.0,3.0,5.963287803271253,10.000509308600922
0.7760000000000006,10.0,3.0,5.963279582479786,10.000489885821422
0.7770000000000006,10.0,3.0,5.963271727041308,10.000470712654128
0.7780000000000006,10.0,3.0,5.963264230104954,10.000451806306183
0.7790000000000006,10.0,3.0,5.963257084613625,10.00043318265064
0.7800000000000006,10.0,3.0,5.9632502833261665,10.000414856272684
0.7810000000000006,10.0,3.0,5.963243818838508,10.00039684051442
0.7820000000000006,10.0,3.0,5.963237683604047,10.000379147519233
0.7830000000000006,10.0,3.0,5.963231869953181,10.000361788276331
0.7840000000000006,10.0,3.0,5.963226370111944,10.000344772664562
0.7850000000000006,10.0,3.0,5.963221176219831,10.000328109494996
0.7860000000000006,10.0,3.0,5.963216280346887,10.00031180655396
0.7870000000000006,10.0,3.0,5.963211674509911,10.000295870644731
0.7880000000000006,10.0,3.0,5.96320735068794,10.00028030762888
0.7890000000000006,10.0,3.0,5.963203300836947,10.000265122466654
0.7900000000000006,10.0,3.0,5.9631995169038365,10.000250319256976
0.7910000000000006,10.0,3.0,5.963195990839665,10.000235901276472
0.7920000000000006,10.0,3.0,5.963192714612187,10.000221871017771
0.7930000000000006,10.0,3.0,5.963189680217701,10.000208230227145
0.7940000000000006,10.0,3.0,5.963186879692221,10.000194979941055
0.7950000000000006,10.0,3.0,5.963184305122009,10.0001821205223
0.7960000000000006,10.0,3.0,5.963181948653438,10.000169651694893
0.7970000000000006,10.0,3.0,5.96317980250228,10.000157572578384
0.7980000000000006,10.0,3.0,5.963177858962364,10.000145881721256
0.7990000000000006,10.0,3.0,5.963176110413652,10.000134577133412
0.8000000000000006,10.0,3.0,5.963174549329769,10.00012365631785
0.8010000000000006,10.0,3.0,5.963173168284968,10.000113116301371
0.8020000000000006,10.0,3.0,5.9631719599605875,10.000102953664538
0.8030000000000006,10.0,3.0,5.963170917150981,10.000093164570732
0.8040000000000006,10.0,3.0,5.9631700327689465,10.000083744794225
0.8050000000000006,10.0,3.0,5.963169299850713,10.00007468974751
0.8060000000000006,10.0,3.0,5.963168711560435,10.000065994507708
0.8070000000000006,10.0,3.0,5.9631682611942605,10.000057653842063
0.8080000000000006,10.0,3.0,5.963167942183984,10.00004966223269
0.8090000000000006,10.0,3.0,5.963167748100267,10.000042013900343
0.8100000000000006,10.0,3.0,5.963167672655495,10.000034702827406
0.8110000000000006,10.0,3.0,5.963167709706241,10.000027722780057
0.8120000000000006,10.0,3.0,5.963167853255374,10.000021067329556
0.8130000000000006,10.0,3.0,5.963168097453833,10.000014729872742
0.8140000000000006,10.0,3.0,5.963168436602059,10.00000870365172
0.8150000000000006,10.0,3.0,5.963168865151127,10.000002981772745
0.8160000000000006,10.0,3.0,5.9631693777035695,9.999997557224333
0.8170000000000006,10.0,3.0,5.963169969013925,9.999992422894577
0.8180000000000006,10.0,3.0,5.963170633989009,9.999987571587734
0.8190000000000006,10.0,3.0,5.963171367687938,9.99998299604005
0.8200000000000006,10.0,3.0,5.963172165321905,9.999978688934865
0.8210000000000006,10.0,3.0,5.963173022253726,9.999974642916978
0.8220000000000006,10.0,3.0,5.963173933997175,9.99997085060636
0.8230000000000006,10.0,3.0,5.96317489621611,9.999967304611152
0.8240000000000006,10.0,3.0,5.963175904723408,9.999963997539963
0.8250000000000006,10.0,3.0,5.963176955479727,9.999960922013592
0.8260000000000006,10.0,3.0,5.963178044592093,9.999958070676042
0.8270000000000006,10.0,3.0,5.963179168312327,9.999955436204935
0.8280000000000006,10.0,3.0,5.963180323035338,9.999953011321352
0.8290000000000006,10.0,3.0,5.963181505297269,9.999950788799058
0.8300000000000006,10.0,3.0,5.963182711773518,9.999948761473137
0.8310000000000006,10.0,3.0,5.963183939276647,9.999946922248128
0.8320000000000006,10.0,3.0,5.9631851847541855,9.999945264105536
0.8330000000000006,10.0,3.0,5.963186445286334,9.999943780110916
0.8340000000000006,10.0,3.0,5.963187718083578,9.999942463420432
0.8350000000000006,10.0,3.0,5.963189000484219,9.999941307286832
0.8360000000000006,10.0,3.0,5.963190289951842,9.999940305065083
0.8370000000000006,10.0,3.0,5.963191584072715,9.999939450217454
0.8380000000000006,10.0,3.0,5.963192880553129,9.999938736318189
0.8390000000000006,10.0,3.0,5.963194177216692,9.999938157057834
0.8400000000000006,10.0,3.0,5.96319547200157,9.999937706246998
0.8410000000000006,10.0,3.0,5.963196762957714,9.999937377819807
0.8420000000000006,10.0,3.0,5.963198048244037,9.999937165837027
0.8430000000000006,10.0,3.0,5.963199326125575,9.999937064488746
0.8440000000000006,10.0,3.0,5.963200594970628,9.999937068096735
0.8450000000000006,10.0,3.0,5.963201853247893,9.99993717111648
0.8460000000000006,10.0,3.0,5.963203099523589,9.999937368138914
0.8470000000000006,10.0,3.0,5.9632043324585675,9.999937653891761
0.8480000000000006,10.0,3.0,5.963205550805448,9.999938023240707
0.8490000000000006,10.0,3.0,5.963206753405738,9.999938471190235
0.8500000000000006,10.0,3.0,5.963207939186981,9.999938992884172
0.8510000000000006,10.0,3.0,5.963209107159905,9.999939583606036
0.8520000000000006,10.0,3.0,5.963210256415598,9.999940238779093
0.8530000000000006,10.0,3.0,5.96321138612271,9.999940953966219
0.8540000000000006,10.0,3.0,5.963212495524673,9.999941724869588
0.8550000000000006,10.0,3.0,5.963213583936945,9.999942547330065
0.8560000000000006,10.0,3.0,5.9632146507442965,9.999943417326515
0.8570000000000007,10.0,3.0,5.963215695398121,9.999944330974808
0.8580000000000007,10.0,3.0,5.963216717413796,9.99994528452677
0.8590000000000007,10.0,3.0,5.963217716368064,9.999946274368959
0.8600000000000007,10.0,3.0,5.963218691896466,9.999947297021203
0.8610000000000007,10.0,3.0,5.963219643690818,9.999948349135101
0.8620000000000007,10.0,3.0,5.963220571496726,9.999949427492362
0.8630000000000007,10.0,3.0,5.963221475111153,9.999950529003028
0.8640000000000007,10.0,3.0,5.963222354380026,9.999951650703572
0.8650000000000007,10.0,3.0,5.9632232091959,9.99995278975493
0.8660000000000007,10.0,3.0,5.963224039495667,9.9999539434404
0.8670000000000007,10.0,3.0,5.963224845258311,9.999955109163459
0.8680000000000007,10.0,3.0,5.963225626502736,9.9999562844456
0.8690000000000007,10.0,3.0,5.963226383285611,9.999957466923938
0.8700000000000007,10.0,3.0,5.963227115699299,9.999958654348886
0.8710000000000007,10.0,3.0,5.963227823869826,9.999959844581719
0.8720000000000007,10.0,3.0,5.963228507954908,9.99996103559213
0.8730000000000007,10.0,3.0,5.963229168142025,9.99996222545567
0.8740000000000007,10.0,3.0,5.9632298046465575,9.99996341235123
0.8750000000000007,10.0,3.0,5.963230417709977,9.999964594558472
0.8760000000000007,10.0,3.0,5.963231007598083,9.999965770455226
0.8770000000000007,10.0,3.0,5.963231574599303,9.999966938514866
0.8780000000000007,10.0,3.0,5.963232119023042,9.999968097303682
0.8790000000000007,10.0,3.0,5.963232641198086,9.999969245478258
0.8800000000000007,10.0,3.0,5.963233141471063,9.999970381782811
0.8810000000000007,10.0,3.0,5.963233620204951,9.999971505046556
0.8820000000000007,10.0,3.0,5.9632340777776465,9.999972614181075
0.8830000000000007,10.0,3.0,5.963234514580574,9.999973708177702
0.8840000000000007,10.0,3.0,5.963234931017357,9.999974786104886
0.8850000000000007,10.0,3.0,5.963235327502541,9.999975847105617
0.8860000000000007,10.0,3.0,5.963235704460356,9.999976890394827
0.8870000000000007,10.0,3.0,5.963236062323538,9.999977915256846
0.8880000000000007,10.0,3.0,5.963236401532199,9.999978921042882
0.8890000000000007,10.0,3.0,5.963236722532738,9.999979907168504
0.8900000000000007,10.0,3.0,5.963237025776805,9.999980873111163
0.8910000000000007,10.0,3.0,5.963237311720316,9.999981818407766
0.8920000000000007,10.0,3.0,5.9632375808225,9.999982742652273
0.8930000000000007,10.0,3.0,5.963237833545004,9.999983645493325
0.8940000000000007,10.0,3.0,5.963238070351032,9.9999845266319
0.8950000000000007,10.0,3.0,5.963238291704537,9.99998538581906
0.8960000000000007,10.0,3.0,5.9632384980694395,9.999986222853666
0.8970000000000007,10.0,3.0,5.963238689908905,9.999987037580189
0.8980000000000007,10.0,3.0,5.963238867684649,9.999987829886557
0.8990000000000007,10.0,3.0,5.963239031856281,9.999988599702034
0.9000000000000007,10.0,3.0,5.9632391828806925,9.999989346995145
0.9010000000000007,10.0,3.0,5.963239321211478,9.999990071771666
0.9020000000000007,10.0,3.0,5.963239447298393,9.999990774072646
0.9030000000000007,10.0,3.0,5.963239561586842,9.999991453972477
0.9040000000000007,10.0,3.0,5.963239664517409,9.999992111577026
0.9050000000000007,10.0,3.0,5.963239756525414,9.999992747021803
0.9060000000000007,10.0,3.0,5.963239838040501,9.999993360470183
0.9070000000000007,10.0,3.0,5.9632399094862585,9.999993952111689
0.9080000000000007,10.0,3.0,5.963239971279875,9.999994522160293
0.9090000000000007,10.0,3.0,5.963240023831808,9.999995070852812
0.9100000000000007,10.0,3.0,5.9632400675455,9.999995598447313
0.9110000000000007,10.0,3.0,5.963240102817103,9.999996105221593
0.9120000000000007,10.0,3.0,5.963240130035244,9.999996591471694
0.9130000000000007,10.0,3.0,5.963240149580799,9.999997057510486
0.9140000000000007,10.0,3.0,5.96324016182671,9.999997503666265
0.9150000000000007,10.0,3.0,5.963240167137807,9.99999793028144
0.9160000000000007,10.0,3.0,5.96324016587066,9.999998337711238
0.9170000000000007,10.0,3.0,5.963240158373456,9.999998726322476
0.9180000000000007,10.0,3.0,5.963240144985883,9.999999096492356
0.9190000000000007,10.0,3.0,5.963240126039047,9.99999944860734
0.9200000000000007,10.0,3.0,5.963240101855401,9.999999783062037
0.9210000000000007,10.0,3.0,5.963240072748691,10.000000100258163
0.9220000000000007,10.0,3.0,5.9632400390239155,10.000000400603513
0.9230000000000007,10.0,3.0,5.9632400009773106,10.000000684511019
0.9240000000000007,10.0,3.0,5.96323995889634,10.000000952397816
0.9250000000000007,10.0,3.0,5.963239913059704,10.000001204684356
0.9260000000000007,10.0,3.0,5.963239863737363,10.000001441793586
0.9270000000000007,10.0,3.0,5.963239811190569,10.000001664150137
0.9280000000000007,10.0,3.0,5.963239755671911,10.000001872179558
0.9290000000000007,10.0,3.0,5.963239697425377,10.000002066307609
0.9300000000000007,10.0,3.0,5.96323963668642,10.00000224695958
0.9310000000000007,10.0,3.0,5.9632395736820305,10.00000241455963
0.9320000000000007,10.0,3.0,5.963239508630833,10.000002569530189
0.9330000000000007,10.0,3.0,5.963239441743173,10.000002712291376
0.9340000000000007,10.0,3.0,5.963239373221227,10.000002843260454
0.9350000000000007,10.0,3.0,5.96323930325911,10.00000296285134
0.9360000000000007,10.0,3.0,5.963239232042994,10.0000030714741
0.9370000000000007,10.0,3.0,5.963239159751237,10.000003169534537
0.9380000000000007,10.0,3.0,5.963239086554502,10.000003257433745
0.9390000000000007,10.0,3.0,5.963239012615906,10.000003335567742
0.9400000000000007,10.0,3.0,5.963238938091152,10.000003404327106
0.9410000000000007,10.0,3.0,5.963238863128674,10.000003464096643
0.9420000000000007,10.0,3.0,5.963238787869787,10.000003515255095
0.9430000000000007,10.0,3.0,5.96323871244884,10.00000355817485
0.9440000000000007,10.0,3.0,5.963238636993367,10.000003593221692
0.9450000000000007,10.0,3.0,5.963238561624249,10.000003620754569
0.9460000000000007,10.0,3.0,5.96323848645587,10.0000036411254
0.9470000000000007,10.0,3.0,5.963238411596278,10.00000365467887
0.9480000000000007,10.0,3.0,5.963238337147354,10.000003661752286
0.9490000000000007,10.0,3.0,5.963238263204967,10.000003662675418
0.9500000000000007,10.0,3.0,5.963238189859146,10.000003657770387
0.9510000000000007,10.0,3.0,5.963238117194241,10.000003647351548
0.9520000000000007,10.0,3.0,5.963238045289094,10.000003631725418
0.9530000000000007,10.0,3.0,5.963237974217199,10.000003611190591
0.9540000000000007,10.0,3.0,5.96323790404687,10.00000358603769
0.9550000000000007,10.0,3.0,5.963237834841406,10.000003556549329
0.9560000000000007,10.0,3.0,5.9632377666592555,10.000003523000093
0.9570000000000007,10.0,3.0,5.963237699554177,10.00000348565651
0.9580000000000007,10.0,3.0,5.963237633575405,10.000003444777086
0.9590000000000007,10.0,3.0,5.963237568767806,10.000003400612286
0.9600000000000007,10.0,3.0,5.96323750517204,10.00000335340458
0.9610000000000007,10.0,3.0,5.9632374428247195,10.000003303388487
0.9620000000000007,10.0,3.0,5.963237381758558,10.00000325079061
0.9630000000000007,10.0,3.0,5.963237322002534,10.000003195829695
0.9640000000000007,10.0,3.0,5.963237263582031,10.000003138716709
0.9650000000000007,10.0,3.0,5.963237206518996,10.000003079654917
0.9660000000000007,10.0,3.0,5.963237150832077,10.000003018839966
0.9670000000000007,10.0,3.0,5.963237096536772,10.000002956459957
0.9680000000000007,10.0,3.0,5.963237043645574,10.000002892695585
0.9690000000000007,10.0,3.0,5.963236992168099,10.000002827720209
0.9700000000000008,10.0,3.0,5.963236942111233,10.000002761699978
0.9710000000000008,10.0,3.0,5.963236893479256,10.000002694793952
0.9720000000000008,10.0,3.0,5.96323684627398,10.00000262715422
0.9730000000000008,10.0,3.0,5.963236800494869,10.000002558926028
0.9740000000000008,10.0,3.0,5.963236756139167,10.000002490247903
0.9750000000000008,10.0,3.0,5.963236713202021,10.000002421251802
0.9760000000000008,10.0,3.0,5.9632366716765945,10.000002352063238
0.9770000000000008,10.0,3.0,5.963236631554186,10.000002282801429
0.9780000000000008,10.0,3.0,5.963236592824338,10.000002213579434
0.9790000000000008,10.0,3.0,5.963236555474949,10.000002144504307
0.9800000000000008,10.0,3.0,5.9632365194923755,10.00000207567724
0.9810000000000008,10.0,3.0,5.963236484861538,10.000002007193707
0.9820000000000008,10.0,3.0,5.963236451566017,10.000001939143623
0.9830000000000008,10.0,3.0,5.963236419588154,10.000001871611492
0.9840000000000008,10.0,3.0,5.963236388909137,10.000001804676558
0.9850000000000008,10.0,3.0,5.963236359509099,10.000001738412944
0.9860000000000008,10.0,3.0,5.963236331367202,10.000001672889836
0.9870000000000008,10.0,3.0,5.9632363044617165,10.000001608171601
0.9880000000000008,10.0,3.0,5.963236278770108,10.000001544317957
0.9890000000000008,10.0,3.0,5.9632362542691135,10.000001481384125
0.9900000000000008,10.0,3.0,5.963236230934814,10.000001419420958
0.9910000000000008,10.0,3.0,5.963236208742712,10.000001358475117
0.9920000000000008,10.0,3.0,5.9632361876677935,10.000001298589208
0.9930000000000008,10.0,3.0,5.963236167684601,10.000001239801914
0.9940000000000008,10.0,3.0,5.963236148767292,10.000001182148166
0.9950000000000008,10.0,3.0,5.963236130889704,10.000001125659264
0.9960000000000008,10.0,3.0,5.963236114025409,10.000001070363027
0.9970000000000008,10.0,3.0,5.963236098147772,10.000001016283939
0.9980000000000008,10.0,3.0,5.963236083230002,10.000000963443272
0.9990000000000008,10.0,3.0,5.963236069245203,10.00000091185923
